,Título da checagem,Data da checagem,Natureza da notícia,Candidato(s) favorecidos(s) pela notícia falsa,Agência,Link
0,É #FAKE que g1 noticiou que bancos apoiam Lula em troca do fim do PIX,8/1/2022,Falsa,Jair Bolsonaro,Fato ou Fake,https://g1.globo.com/fato-ou-fake/noticia/2022/08/01/e-fake-que-g1-noticiou-que-bancos-apoiam-lula-em-troca-do-fim-do-pix.ghtml
1,É #FAKE áudio que mostra Bonner chamando Lula e Alckmin de bandidos,8/2/2022,Falsa,Jair Bolsonaro,Fato ou Fake,https://g1.globo.com/fato-ou-fake/noticia/2022/08/02/e-fake-audio-que-mostra-bonner-chamando-lula-e-alckmin-de-bandidos.ghtml
2,"É #FAKE print em que Lula fala em atacar igrejas evangélicas, aprovar leis pró-aborto e ideologia de gênero",8/3/2022,Falsa,Jair Bolsonaro,Fato ou Fake,https://g1.globo.com/fato-ou-fake/noticia/2022/08/03/e-fake-print-em-que-lula-fala-em-atacar-igrejas-evangelicas-aprovar-leis-pro-aborto-e-ideologia-de-genero.ghtml
3,É #FAKE que Bolsonaro foi criador do PIX,8/3/2022,Falsa,Jair Bolsonaro,Fato ou Fake,https://g1.globo.com/fato-ou-fake/noticia/2022/08/03/e-fake-que-bolsonaro-foi-criador-do-pix.ghtml
4,É #FAKE vídeo que mostra mãe passar mal após cheirar boneca dada à filha,8/4/2022,Falsa,indefinido,Fato ou Fake,https://g1.globo.com/fato-ou-fake/noticia/2022/08/04/e-fake-video-que-mostra-mae-passar-mal-apos-cheirar-boneca-dada-a-filha.ghtml
5,É #FAKE que vídeo mostre avião que errou caminho do aeroporto,8/5/2022,Falsa,indefinido,Fato ou Fake,https://g1.globo.com/fato-ou-fake/noticia/2022/08/05/e-fake-que-video-mostre-aviao-que-errou-caminho-do-aeroporto.ghtml
6,É #FAKE imagem que mostra Lula e Moro juntos e sorrindo em 2022,8/5/2022,Falsa,indefinido,Fato ou Fake,https://g1.globo.com/fato-ou-fake/noticia/2022/08/05/e-fake-imagem-que-mostra-lula-e-moro-juntos-e-sorrindo-em-2022.ghtml
7,É #FAKE que g1 publicou reportagem dizendo que a Renner declara apoio a Lula e fecha parceria com PT,8/5/2022,Falsa,Lula,Fato ou Fake,https://g1.globo.com/fato-ou-fake/noticia/2022/08/05/e-fake-que-g1-publicou-reportagem-dizendo-que-a-renner-declara-apoio-a-lula-e-fecha-parceria-com-pt.ghtml
8,É #FAKE que diretor da OMS ainda não foi vacinado,8/8/2022,Falsa,Jair Bolsonaro,Fato ou Fake,https://g1.globo.com/fato-ou-fake/coronavirus/noticia/2022/08/08/e-fake-que-diretor-da-oms-ainda-nao-foi-vacinado.ghtml
9,Veja o que é #FATO ou #FAKE na entrevista de Jair Bolsonaro para o podcast Flow,8/9/2022,,indefinido,Fato ou Fake,https://g1.globo.com/fato-ou-fake/eleicoes/noticia/2022/08/09/veja-o-que-e-fato-ou-fake-na-entrevista-de-jair-bolsonaro-para-o-podcast-flow.ghtml
10,É #FAKE que foto mostre morcego gigante no Brasil,8/9/2022,Falsa,indefinido,Fato ou Fake,https://g1.globo.com/fato-ou-fake/noticia/2022/08/09/e-fake-que-foto-mostre-morcego-gigante-no-brasil.ghtml
11,É #FAKE que diretor da OMS recomendou isolar homossexuais para evitar transmissão de varíola dos macacos,8/11/2022,Falsa,indefinido,Fato ou Fake,https://g1.globo.com/fato-ou-fake/noticia/2022/08/11/e-fake-que-diretor-da-oms-recomendou-isolar-homossexuais-para-evitar-transmissao-de-variola-dos-macacos.ghtml
12,É #FAKE mensagem sobre uso de cem aparelhos e coletes do Censo por criminosos,8/11/2022,Falsa,indefinido,Fato ou Fake,https://g1.globo.com/fato-ou-fake/noticia/2022/08/11/e-fake-mensagem-sobre-uso-de-cem-aparelhos-e-coletes-do-censo-por-criminosos.ghtml
13,É #FAKE vídeo que mostra Bolsonaro na liderança da pesquisa Ipec divulgada em 15 de agosto de 2022,8/17/2022,Falsa,Jair Bolsonaro,Fato ou Fake,https://g1.globo.com/fato-ou-fake/eleicoes/noticia/2022/08/17/e-fake-video-que-mostra-bolsonaro-com-44percent-das-intencoes-de-voto-na-pesquisa-ipec-divulgada-em-15-de-agosto-de-2022.ghtml
14,É #FAKE que QR Code do título de eleitor vem com fraude,8/17/2022,Falsa,Jair Bolsonaro,Fato ou Fake,https://g1.globo.com/fato-ou-fake/eleicoes/noticia/2022/08/17/e-fake-que-qr-code-do-titulo-de-eleitor-vem-com-fraude.ghtml
15,"Veja o que é #FATO ou #FAKE na sabatina de Fernando Haddad para O Globo, Valor e CBN",8/17/2022,,indefinido,Fato ou Fake,https://g1.globo.com/fato-ou-fake/eleicoes/noticia/2022/08/17/veja-o-que-e-fato-ou-fake-na-sabatina-de-fernando-haddad-para-o-globo-valor-e-cbn.ghtml
16,Fato ou Fake: como funciona a urna eletrônica e quais são as principais #FAKES sobre ela,8/19/2022,,Jair Bolsonaro,Fato ou Fake,https://g1.globo.com/fato-ou-fake/eleicoes/noticia/2022/08/19/fato-ou-fake-como-funciona-a-urna-eletronica-e-quais-sao-as-principais-fakes-sobre-ela.ghtml
17,É #FAKE que mulher que fala sobre urnas em vídeo é funcionária do TSE,8/19/2022,Falsa,Jair Bolsonaro,Fato ou Fake,https://g1.globo.com/fato-ou-fake/eleicoes/noticia/2022/08/19/e-fake-que-mulher-que-fala-sobre-urnas-em-video-e-funcionaria-do-tse.ghtml
18,Veja o que é #FATO ou #FAKE na entrevista de Jair Bolsonaro para o Jornal Nacional,8/23/2022,,indefinido,Fato ou Fake,https://g1.globo.com/fato-ou-fake/eleicoes/noticia/2022/08/23/veja-o-que-e-fato-ou-fake-na-entrevista-de-jair-bolsonaro-para-o-jornal-nacional.ghtml
19,É #FAKE que senador Randolfe Rodrigues disse em áudio que controla ações da PF e do STF,8/23/2022,Falsa,Jair Bolsonaro,Fato ou Fake,https://g1.globo.com/fato-ou-fake/noticia/2022/08/23/e-fake-que-senador-randolfe-rodrigues-disse-em-audio-que-controla-acoes-da-pf-e-do-stf.ghtml
20,É #FAKE que vídeo de crocodilo arrastando corpo de homem foi filmado no Brasil,8/24/2022,Falsa,indefinido,Fato ou Fake,https://g1.globo.com/fato-ou-fake/noticia/2022/08/24/e-fake-que-video-de-crocodilo-arrastando-corpo-de-homem-foi-filmado-no-brasil.ghtml
21,Veja o que é #FATO ou #FAKE na entrevista de Ciro Gomes para o Jornal Nacional,8/24/2022,,indefinido,Fato ou Fake,https://g1.globo.com/fato-ou-fake/eleicoes/noticia/2022/08/24/veja-o-que-e-fato-ou-fake-na-entrevista-de-ciro-gomes-para-o-jornal-nacional.ghtml
22,É #FAKE que mortes de três médicos de hospital canadense têm relação com vacina contra a Covid-19,8/25/2022,Falsa,Jair Bolsonaro,Fato ou Fake,https://g1.globo.com/fato-ou-fake/coronavirus/noticia/2022/08/25/e-fake-que-mortes-de-tres-medicos-de-hospital-canadense-tem-relacao-com-vacina-contra-a-covid-19.ghtml
23,Veja o que é #FATO ou #FAKE na entrevista de Lula para o Jornal Nacional,8/26/2022,,indefinido,Fato ou Fake,https://g1.globo.com/fato-ou-fake/eleicoes/noticia/2022/08/26/veja-o-que-e-fato-ou-fake-na-entrevista-de-lula-para-o-jornal-nacional.ghtml
24,Veja o que é #FATO ou #FAKE nas declarações dos candidatos à presidência no início da campanha,8/26/2022,Falsa,indefinido,Fato ou Fake,https://g1.globo.com/fato-ou-fake/eleicoes/noticia/2022/08/26/veja-o-que-e-fato-ou-fake-nas-declaracoes-dos-candidatos-a-presidencia-no-inicio-da-campanha.ghtml
25,"Veja o que é #FATO ou #FAKE na sabatina de Simone Tebet para O Globo, Valor e CBN",8/26/2022,,indefinido,Fato ou Fake,https://g1.globo.com/fato-ou-fake/eleicoes/noticia/2022/08/26/veja-o-que-e-fato-ou-fake-na-sabatina-de-simone-tebet-para-o-globo-valor-e-cbn.ghtml
26,É #FAKE que Renata Vasconcellos tenha usado sapato vermelho na entrevista com Lula no JN,8/26/2022,Falsa,Lula,Fato ou Fake,https://g1.globo.com/fato-ou-fake/eleicoes/noticia/2022/08/26/e-fake-que-renata-vasconcellos-tenha-usado-sapato-vermelho-na-entrevista-com-lula-no-jn.ghtml
27,Veja o que é #FATO ou #FAKE na entrevista de Simone Tebet para o Jornal Nacional,8/27/2022,,indefinido,Fato ou Fake,https://g1.globo.com/fato-ou-fake/eleicoes/noticia/2022/08/27/veja-o-que-e-fato-ou-fake-na-entrevista-de-simone-tebet-para-o-jornal-nacional.ghtml
28,Veja o que é #FATO ou #FAKE nas falas dos presidenciáveis no 1º debate,8/29/2022,,indefinido,Fato ou Fake,https://g1.globo.com/fato-ou-fake/eleicoes/noticia/2022/08/29/veja-o-que-e-fato-ou-fake-nas-falas-dos-presidenciaveis-no-debate-da-band.ghtml
29,É #FAKE que Lula recebeu papel com 'cola' durante entrevista ao JN,8/29/2022,Falsa,Jair Bolsonaro,Fato ou Fake,https://g1.globo.com/fato-ou-fake/eleicoes/noticia/2022/08/29/e-fake-que-lula-recebeu-papel-com-cola-durante-entrevista-ao-jn.ghtml
30,É #FAKE que empresa de pesquisas eleitorais Ipec fique no mesmo endereço do Instituto Lula,9/1/2022,Falsa,Jair Bolsonaro,Fato ou Fake,https://g1.globo.com/fato-ou-fake/eleicoes/noticia/2022/09/01/e-fake-que-empresa-de-pesquisas-eleitorais-ipec-fique-no-mesmo-endereco-do-instituto-lula.ghtml
31,É #FAKE que garoto que criou o próprio álbum da Copa foi processado por fabricante,9/2/2022,Falsa,indefinido,Fato ou Fake,https://g1.globo.com/fato-ou-fake/noticia/2022/09/02/e-fake-que-garoto-que-criou-o-proprio-album-da-copa-foi-processado-por-fabricante.ghtml
32,É #FAKE que TSE rejeitou candidatura de Lula em agosto de 2022,9/2/2022,Falsa,Jair Bolsonaro,Fato ou Fake,https://g1.globo.com/fato-ou-fake/eleicoes/noticia/2022/09/02/e-fake-que-tse-rejeitou-candidatura-de-lula-em-agosto-de-2022.ghtml
33,É #FAKE que Lula disse que enfermeiros 'só servem para servir sopa' após Barroso suspender piso para a categoria,9/5/2022,Falsa,Jair Bolsonaro,Fato ou Fake,https://g1.globo.com/fato-ou-fake/eleicoes/noticia/2022/09/05/e-fake-que-lula-disse-que-enfermeiros-so-servem-para-servir-sopa-apos-barroso-suspender-piso-para-a-categoria.ghtml
34,É #FAKE que pistola usada no atentado contra Cristina Kirchner era de água,9/6/2022,Falsa,Jair Bolsonaro,Fato ou Fake,https://g1.globo.com/fato-ou-fake/noticia/2022/09/06/e-fake-que-pistola-usada-no-atentado-contra-cristina-kirchner-era-de-agua.ghtml
35,Veja o que é #FATO ou #FAKE na entrevista de Jair Bolsonaro para a Jovem Pan,9/6/2022,,indefinido,Fato ou Fake,https://g1.globo.com/fato-ou-fake/politica/noticia/2022/09/06/veja-o-que-e-fato-ou-fake-na-entrevista-de-jair-bolsonaro-para-a-jovem-pan.ghtml
36,É #FAKE que TSE considerou crime em março Petrobras diminuir preço dos combustíveis em ano eleitoral,9/8/2022,Falsa,Jair Bolsonaro,Fato ou Fake,https://g1.globo.com/fato-ou-fake/eleicoes/noticia/2022/09/08/e-fake-que-tse-considerou-crime-em-marco-petrobras-diminuir-preco-dos-combustiveis-em-ano-eleitoral.ghtml
37,É #FAKE que agentes do Censo usam celular como urna eletrônica e roubam dados para fraudar eleição,9/9/2022,Falsa,Jair Bolsonaro,Fato ou Fake,https://g1.globo.com/fato-ou-fake/eleicoes/noticia/2022/09/09/e-fake-que-agentes-do-censo-usam-celular-como-urna-eletronica-e-roubam-dados-para-fraudar-eleicao.ghtml
38,Veja o que é #FATO ou #FAKE nas declarações dos candidatos à presidência na 4ª semana de campanha,9/9/2022,,indefinido,Fato ou Fake,https://g1.globo.com/fato-ou-fake/politica/noticia/2022/09/09/veja-o-que-e-fato-ou-fake-nas-declaracoes-dos-candidatos-a-presidencia-na-4a-semana-de-campanha.ghtml
39,É #FAKE que vídeo prove que Datafolha não entrevista bolsonaristas,9/14/2022,Falsa,Jair Bolsonaro,Fato ou Fake,https://g1.globo.com/fato-ou-fake/eleicoes/noticia/2022/09/14/e-fake-que-video-prove-que-datafolha-nao-entrevista-bolsonaristas.ghtml
40,Veja o que é #FATO ou #FAKE nas declarações dos candidatos à presidência na 5ª semana de campanha,9/16/2022,,indefinido,Fato ou Fake,https://g1.globo.com/fato-ou-fake/politica/noticia/2022/09/16/veja-o-que-e-fato-ou-fake-nas-declaracoes-dos-candidatos-a-presidencia-na-5a-semana-de-campanha.ghtml
41,É #FAKE áudio sobre picada de cobra em piscina de bolinha em shopping em Nova Iguaçu,9/16/2022,Falsa,indefinido,Fato ou Fake,https://g1.globo.com/fato-ou-fake/noticia/2022/09/16/e-fake-audio-sobre-picada-de-cobra-em-piscina-de-bolinha-em-shopping-em-nova-iguacu.ghtml
42,É #FAKE vídeo que mostra Bolsonaro na liderança da pesquisa Ipec divulgada em 12 de setembro de 2022,9/19/2022,Falsa,Jair Bolsonaro,Fato ou Fake,https://g1.globo.com/fato-ou-fake/eleicoes/noticia/2022/09/19/e-fake-video-que-mostra-bolsonaro-na-lideranca-da-pesquisa-ipec-divulgada-em-12-de-setembro-de-2022.ghtml
43,É #FAKE que Freixo disse no RJ1 que policiais não poderão atirar durante operação em favelas,9/19/2022,Falsa,Jair Bolsonaro,Fato ou Fake,https://g1.globo.com/fato-ou-fake/eleicoes/noticia/2022/09/19/e-fake-que-freixo-disse-no-rj1-que-policiais-nao-poderao-atirar-durante-operacao-em-favelas.ghtml
44,Veja o que é #FATO ou #FAKE no discurso de Bolsonaro na ONU,9/20/2022,,indefinido,Fato ou Fake,https://g1.globo.com/fato-ou-fake/politica/noticia/2022/09/20/veja-o-que-e-fato-ou-fake-no-discurso-de-bolsonaro-na-onu.ghtml
45,É #FAKE áudio atribuído a Bolsonaro em que ele xinga Michelle antes do desfile de 7 de setembro,9/20/2022,Falsa,Lula,Fato ou Fake,https://g1.globo.com/fato-ou-fake/eleicoes/noticia/2022/09/20/e-fake-audio-atribuido-a-bolsonaro-em-que-ele-xinga-michelle-antes-do-desfile-de-7-de-setembro.ghtml
46,É #FAKE vídeo que mostra Bolsonaro recebido com refrão de apoio a Lula em igreja,9/21/2022,Falsa,Lula,Fato ou Fake,https://g1.globo.com/fato-ou-fake/eleicoes/noticia/2022/09/21/e-fake-video-que-mostra-bolsonaro-recebido-com-refrao-de-apoio-a-lula-em-igreja.ghtml
47,É #FAKE que TSE envie mensagens de cancelamento de título por irregularidade no CPF,9/22/2022,Falsa,indefinido,Fato ou Fake,https://g1.globo.com/fato-ou-fake/eleicoes/noticia/2022/09/22/e-fake-que-tse-envie-mensagens-de-cancelamento-de-titulo-por-irregularidade-no-cpf.ghtml
48,É #FAKE que vídeo de garis com urnas no RJ mostre ação irregular,9/22/2022,Falsa,Jair Bolsonaro,Fato ou Fake,https://g1.globo.com/fato-ou-fake/noticia/2022/09/22/e-fake-que-video-de-garis-com-urnas-no-rj-mostre-acao-irregular.ghtml
49,Veja o que é #FATO ou #FAKE nas declarações dos candidatos à presidência na 6ª semana de campanha,9/23/2022,,indefinido,Fato ou Fake,https://g1.globo.com/fato-ou-fake/politica/noticia/2022/09/23/veja-o-que-e-fato-ou-fake-nas-declaracoes-dos-candidatos-a-presidencia-na-6a-semana-de-campanha.ghtml
50,É #FAKE mensagem com oferta de bolsas de estudo em nome do Inep,9/23/2022,Falsa,indefinido,Fato ou Fake,https://g1.globo.com/fato-ou-fake/noticia/2022/09/23/e-fake-mensagem-com-oferta-de-bolsas-de-estudo-em-nome-do-inep.ghtml
51,Veja o que é #FATO ou #FAKE nas falas dos presidenciáveis no segundo debate,9/24/2022,,indefinido,Fato ou Fake,https://g1.globo.com/fato-ou-fake/politica/noticia/2022/09/24/veja-o-que-e-fato-ou-fake-nas-falas-dos-presidenciaveis-no-segundo-debate.ghtml
52,É #FAKE que Rede Globo entrou na Justiça para entrevistar Adélio Bispo,9/25/2022,Falsa,Jair Bolsonaro,Fato ou Fake,https://g1.globo.com/fato-ou-fake/eleicoes/noticia/2022/09/25/e-fake-que-rede-globo-entrou-na-justica-para-entrevistar-adelio-bispo.ghtml
53,É #FAKE que vídeos mostrem confronto no Chile em 2022,9/27/2022,Falsa,Jair Bolsonaro,Fato ou Fake,https://g1.globo.com/fato-ou-fake/eleicoes/noticia/2022/09/27/e-fake-que-videos-mostrem-confronto-no-chile-em-2022.ghtml
54,É #FAKE que vídeo mostre fraude em urnas em sindicato,9/27/2022,Falsa,Jair Bolsonaro,Fato ou Fake,https://g1.globo.com/fato-ou-fake/eleicoes/noticia/2022/09/27/e-fake-que-video-mostre-fraude-em-urnas-em-sindicato.ghtml
55,É #FAKE que WhatsApp tenha sido bloqueado; vídeo é antigo,9/28/2022,Falsa,Jair Bolsonaro,Fato ou Fake,https://g1.globo.com/fato-ou-fake/noticia/2022/09/28/e-fake-que-reportagem-sobre-bloqueio-de-whatsapp-seja-nas-eleicoes-de-2022.ghtml
56,É #FAKE que eleitor perderá voto se apertar a tecla 'confirma' enquanto urna exibe 'confira seu voto',9/28/2022,Falsa,Jair Bolsonaro,Fato ou Fake,https://g1.globo.com/fato-ou-fake/eleicoes/noticia/2022/09/28/e-fake-que-eleitor-perdera-voto-se-apertar-a-tecla-confirma-enquanto-urna-exibe-confira-seu-voto.ghtml
57,"É #FAKE que urnas chegaram 'cheias de votos' antes da eleição em Cordeiro, RJ",9/28/2022,Falsa,Jair Bolsonaro,Fato ou Fake,https://g1.globo.com/fato-ou-fake/eleicoes/noticia/2022/09/28/e-fake-que-urnas-chegaram-cheias-de-votos-antes-da-eleicao-em-cordeiro-rj.ghtml
58,É #FAKE que eleitores de Lula e Bolsonaro têm que votar em dias separados,9/28/2022,Falsa,Jair Bolsonaro,Fato ou Fake,https://g1.globo.com/fato-ou-fake/eleicoes/noticia/2022/09/28/e-fake-que-eleitores-de-lula-e-bolsonaro-tem-que-votar-em-dias-separados.ghtml
59,Veja o que é #FATO ou #FAKE nas falas dos presidenciáveis no debate da Globo,9/30/2022,Falsa,indefinido,Fato ou Fake,https://g1.globo.com/fato-ou-fake/politica/noticia/2022/09/30/veja-o-que-e-fato-ou-fake-nas-falas-dos-presidenciaveis-no-debate-da-globo.ghtml
60,É #FAKE que bolsonaristas comemoraram vitória de Bolsonaro em shopping na Austrália,10/2/2022,Falsa,Jair Bolsonaro,Fato ou Fake,https://g1.globo.com/fato-ou-fake/eleicoes/noticia/2022/10/02/e-fake-que-bolsonaristas-comemoraram-vitoria-de-bolsonaro-em-shopping-na-australia.ghtml
61,É #FAKE que vídeo com senador Randolfe Rodrigues mostra briga da cúpula do PT nas eleições de 2022,10/2/2022,Falsa,Jair Bolsonaro,Fato ou Fake,https://g1.globo.com/fato-ou-fake/eleicoes/noticia/2022/10/02/e-fake-que-video-com-senador-randolfe-rodrigues-mostra-briga-da-cupula-do-pt-nas-eleicoes-de-2022.ghtml
62,"É #FAKE que Polícia Federal encontrou urnas com votos registrados antes das eleições, em Brasília",10/2/2022,Falsa,Jair Bolsonaro,Fato ou Fake,https://g1.globo.com/fato-ou-fake/eleicoes/noticia/2022/10/02/e-fake-que-policia-federal-encontrou-urnas-com-votos-registrados-antes-das-eleicoes-em-brasilia.ghtml
63,É #FAKE que vídeo que mostra táxi entregando urna em escola do RJ revele ação irregular,10/2/2022,Falsa,Jair Bolsonaro,Fato ou Fake,https://g1.globo.com/fato-ou-fake/eleicoes/noticia/2022/10/02/e-fake-que-video-que-mostra-taxi-entregando-urna-em-escola-do-rj-revele-acao-irregular.ghtml
64,É #FAKE que David Lynch desejou 'grande dia' ao candidato Lula em vídeo,10/2/2022,Falsa,Lula,Fato ou Fake,https://g1.globo.com/fato-ou-fake/eleicoes/noticia/2022/10/02/e-fake-que-david-lynch-desejou-grande-dia-ao-candidato-lula-em-video.ghtml
65,É #FAKE que imagem mostre apoio de Ciro Gomes a Bolsonaro,10/2/2022,Falsa,Jair Bolsonaro,Fato ou Fake,https://g1.globo.com/fato-ou-fake/eleicoes/noticia/2022/10/02/e-fake-que-imagem-mostre-apoio-de-ciro-gomes-e-bolsonaro.ghtml
66,É #FAKE que vídeo com pessoas cantando o Hino Nacional no metrô tenha sido gravado no dia das eleições,10/2/2022,Falsa,Jair Bolsonaro,Fato ou Fake,https://g1.globo.com/fato-ou-fake/eleicoes/noticia/2022/10/02/e-fake-que-video-com-pessoas-cantando-o-hino-nacional-no-metro-tenha-sido-gravado-no-dia-das-eleicoes.ghtml
67,É #FAKE que vídeo com pessoas cantando hino brasileiro em Portugal foi feito na véspera do 1º turno,10/2/2022,Falsa,Jair Bolsonaro,Fato ou Fake,https://g1.globo.com/fato-ou-fake/eleicoes/noticia/2022/10/02/e-fake-que-video-com-pessoas-cantando-hino-brasileiro-em-portugal-foi-feito-na-vespera-do-1o-turno.ghtml
68,"É #FAKE que g1 publicou reportagem com o título: ""Pesquisa de boca de urna mostra Bolsonaro à frente de Lula""",10/2/2022,Falsa,Jair Bolsonaro,Fato ou Fake,https://g1.globo.com/fato-ou-fake/eleicoes/noticia/2022/10/02/e-fake-que-g1-publicou-reportagem-com-o-titulo-pesquisa-de-boca-de-urna-mostra-bolsonaro-a-frente-de-lula.ghtml
69,É #FAKE que Bolsonaro teve votação inferior à de aliados no 1º turno,10/3/2022,Falsa,Jair Bolsonaro,Fato ou Fake,https://g1.globo.com/fato-ou-fake/eleicoes/noticia/2022/10/03/e-fake-que-bolsonaro-teve-votacao-inferior-a-de-aliados-no-1o-turno.ghtml
70,É #FATO que voto servirá como prova de vida junto ao INSS,10/3/2022,Verdadeira,indefinido,Fato ou Fake,https://g1.globo.com/fato-ou-fake/eleicoes/noticia/2022/10/03/e-fato-que-voto-servira-como-prova-de-vida-junto-ao-inss.ghtml
71,"É #FAKE que Barreiras, na Bahia, teve mais votos para Lula que número de habitantes",10/3/2022,Falsa,Jair Bolsonaro,Fato ou Fake,https://g1.globo.com/fato-ou-fake/eleicoes/noticia/2022/10/03/e-fake-que-barreiras-na-bahia-teve-mais-votos-para-lula-que-numero-de-habitantes.ghtml
72,É #FAKE print de Twitter de Bolsonaro que afirma que maçonaria será maior que o cristianismo,10/4/2022,Falsa,Lula,Fato ou Fake,https://g1.globo.com/fato-ou-fake/eleicoes/noticia/2022/10/04/e-fake-print-de-twitter-de-bolsonaro-que-afirma-que-maconaria-sera-maior-que-o-cristianismo.ghtml
73,É #FAKE mensagem que diz 'que até os mortos votaram em Lula',10/5/2022,Falsa,Jair Bolsonaro,Fato ou Fake,https://g1.globo.com/fato-ou-fake/eleicoes/noticia/2022/10/05/e-fake-mensagem-que-diz-que-ate-os-mortos-votaram-em-lula.ghtml
74,É #FAKE que boletins de urna em vídeo provem que votos não foram computados,10/5/2022,Falsa,Jair Bolsonaro,Fato ou Fake,https://g1.globo.com/fato-ou-fake/eleicoes/noticia/2022/10/05/e-fake-que-boletins-de-urna-em-video-provem-que-votos-nao-foram-computados.ghtml
75,É #FAKE áudio sobre ação de hackers russos e do Exército na eleição,10/5/2022,Falsa,Jair Bolsonaro,Fato ou Fake,https://g1.globo.com/fato-ou-fake/eleicoes/noticia/2022/10/05/e-fake-audio-sobre-acao-de-hackers-russos-e-do-exercito-na-eleicao.ghtml
76,"É #FAKE que g1 publicou reportagem afirmando que Lula disse que, se eleito, irá revogar o PIX",10/6/2022,Falsa,Jair Bolsonaro,Fato ou Fake,https://g1.globo.com/fato-ou-fake/eleicoes/noticia/2022/10/06/e-fake-que-g1-publicou-reportagem-afirmando-que-lula-disse-que-se-eleito-ira-revogar-o-pix.ghtml
77,É #FAKE mensagem que diz que Lula declarou que irá fechar igrejas em 2023,10/7/2022,Falsa,Jair Bolsonaro,Fato ou Fake,https://g1.globo.com/fato-ou-fake/eleicoes/noticia/2022/10/07/e-fake-mensagem-que-diz-que-lula-declarou-que-ira-fechar-igrejas-em-2023.ghtml
78,É #FAKE que ge publicou reportagem afirmando que Lula prometeu dificultar a vida do Flamengo,10/7/2022,Falsa,Jair Bolsonaro,Fato ou Fake,https://g1.globo.com/fato-ou-fake/politica/noticia/2022/10/07/e-fake-que-ge-publicou-reportagem-afirmando-que-lula-prometeu-dificultar-a-vida-do-flamengo.ghtml
79,Veja o que é #FATO ou #FAKE nas declarações de Lula e Bolsonaro na 1ª semana após o 1º turno,10/7/2022,,indefinido,Fato ou Fake,https://g1.globo.com/fato-ou-fake/noticia/2022/10/07/veja-o-que-e-fato-ou-fake-nas-declaracoes-de-lula-e-bolsonaro-na-1a-semana-apos-o-1o-turno.ghtml
80,É #FAKE vídeo que mostra Bolsonaro na liderança da pesquisa Ipec divulgada em 5 de outubro de 2022,10/8/2022,Falsa,Jair Bolsonaro,Fato ou Fake,https://g1.globo.com/fato-ou-fake/eleicoes/noticia/2022/10/08/e-fake-video-que-mostra-bolsonaro-na-lideranca-da-pesquisa-ipec-divulgada-em-5-de-outubro-de-2022.ghtml
81,É #FAKE que seção de Uberaba com mais eleitores para presidente do que para outros cargos revele fraude,10/10/2022,Falsa,Jair Bolsonaro,Fato ou Fake,https://g1.globo.com/fato-ou-fake/eleicoes/noticia/2022/10/10/e-fake-que-secao-de-uberaba-com-mais-eleitores-para-presidente-do-que-para-outros-cargos-revele-fraude.ghtml
82,É #FAKE print em que Lula diz em jantar com aliados que 'nem Deus tira essa eleição dele',10/10/2022,Falsa,Jair Bolsonaro,Fato ou Fake,https://g1.globo.com/fato-ou-fake/eleicoes/noticia/2022/10/10/e-fake-print-em-que-lula-diz-em-jantar-com-aliados-que-nem-deus-tira-essa-eleicao-dele.ghtml
83,"É #FAKE que eleitores de Pancas, ES votaram no 2º turno antes da data",10/10/2022,Falsa,Jair Bolsonaro,Fato ou Fake,https://g1.globo.com/fato-ou-fake/eleicoes/noticia/2022/10/10/e-fake-que-eleitores-de-pancas-es-votaram-no-2o-turno-antes-da-data.ghtml
84,É #FAKE que g1 publicou reportagem afirmando que Lula dará prazo para que todos entreguem armas,10/10/2022,Falsa,Jair Bolsonaro,Fato ou Fake,https://g1.globo.com/fato-ou-fake/eleicoes/noticia/2022/10/10/e-fake-que-g1-publicou-reportagem-afirmando-que-lula-dara-prazo-para-que-todos-entreguem-armas.ghtml
85,É #FAKE que Lula fez post defendendo fim do cristianismo,10/10/2022,Falsa,Jair Bolsonaro,Fato ou Fake,https://g1.globo.com/fato-ou-fake/eleicoes/noticia/2022/10/10/e-fake-que-lula-fez-post-defendendo-fim-do-cristianismo.ghtml
86,É #FAKE que eleitores de Lula não precisam votar no 2° turno,10/10/2022,Falsa,Jair Bolsonaro,Fato ou Fake,https://g1.globo.com/fato-ou-fake/eleicoes/noticia/2022/10/10/e-fake-que-eleitores-de-lula-nao-precisam-votar-no-2-turno.ghtml
87,"É #FAKE que Lula defenda na atual campanha fechar canais de TV, internet e jornais e invasão de propriedade privada",10/12/2022,Falsa,Jair Bolsonaro,Fato ou Fake,https://g1.globo.com/fato-ou-fake/eleicoes/noticia/2022/10/12/e-fake-que-lula-defenda-na-atual-campanha-fechar-canais-de-tv-internet-e-jornais-e-invasao-de-propriedade-privada.ghtml
88,"É #FAKE que prefeito do PT foi preso em Alcobaça, na Bahia, por desvio de 30 milhões",10/12/2022,Falsa,Jair Bolsonaro,Fato ou Fake,https://g1.globo.com/fato-ou-fake/eleicoes/noticia/2022/10/12/e-fake-que-prefeito-do-pt-foi-preso-em-alcobaca-na-bahia-por-desvio-de-30-milhoes.ghtml
89,É #FAKE que pontes que desabaram no Amazonas foram construídas por Bolsonaro,10/12/2022,Falsa,Lula,Fato ou Fake,https://g1.globo.com/fato-ou-fake/eleicoes/noticia/2022/10/12/e-fake-que-pontes-que-desabaram-no-amazonas-foram-construidas-por-bolsonaro.ghtml
90,É #FAKE que boné usado por Lula com abreviação CPX seja referência a facção criminosa do RJ,10/13/2022,Falsa,Jair Bolsonaro,Fato ou Fake,https://g1.globo.com/fato-ou-fake/eleicoes/noticia/2022/10/13/e-fake-que-bone-usado-por-lula-com-abreviacao-cpx-seja-referencia-a-faccao-criminosa-do-rj.ghtml
91,É #FAKE que CEO da Smartmatic foi preso e que empresa fabrique urnas para as eleições de 2022 no Brasil,10/13/2022,Falsa,Jair Bolsonaro,Fato ou Fake,https://g1.globo.com/fato-ou-fake/eleicoes/noticia/2022/10/13/e-fake-que-ceo-da-smartmatic-foi-preso-e-que-empresa-fabrique-urnas-para-as-eleicoes-de-2022-no-brasil.ghtml
92,É #FAKE que g1 publicou reportagem sobre prêmio de R$ 1 milhão a quem citar sentenças que inocentam Lula,10/13/2022,Falsa,Jair Bolsonaro,Fato ou Fake,https://g1.globo.com/fato-ou-fake/eleicoes/noticia/2022/10/13/e-fake-que-g1-publicou-reportagem-sobre-premio-de-r-1-milhao-a-quem-citar-sentencas-que-inocentam-lula.ghtml
93,É #FAKE que votar só serve como prova de vida se eleitor escolher uma candidatura específica,10/13/2022,Falsa,Jair Bolsonaro,Fato ou Fake,https://g1.globo.com/fato-ou-fake/eleicoes/noticia/2022/10/13/e-fake-que-votar-so-serve-como-prova-de-vida-se-eleitor-escolher-uma-candidatura-especifica.ghtml
94,É #FAKE que g1 publicou reportagem sobre Putin paralisar fornecimento de fertilizantes ao Brasil caso Lula seja eleito,10/14/2022,Falsa,Jair Bolsonaro,Fato ou Fake,https://g1.globo.com/fato-ou-fake/eleicoes/noticia/2022/10/14/e-fake-que-g1-publicou-reportagem-sobre-putin-paralisar-fornecimento-de-fertilizantes-ao-brasil-caso-lula-seja-eleito.ghtml
95,É #FAKE que boletins de urna em vídeo provem que houve fraude eleitoral em MG,10/14/2022,Falsa,Jair Bolsonaro,Fato ou Fake,https://g1.globo.com/fato-ou-fake/eleicoes/noticia/2022/10/14/e-fake-que-boletins-de-urna-em-video-provem-que-houve-fraude-eleitoral-em-mg.ghtml
96,É #FAKE vídeo em que Bolsonaro diz que Michelle foi condenada por tráfico de drogas,10/14/2022,Falsa,Lula,Fato ou Fake,https://g1.globo.com/fato-ou-fake/eleicoes/noticia/2022/10/14/e-fake-video-em-que-bolsonaro-diz-que-michelle-foi-condenada-por-trafico-de-drogas.ghtml
97,Veja o que é #FATO ou #FAKE nas falas dos presidenciáveis no primeiro debate do 2° turno,10/17/2022,,indefinido,Fato ou Fake,https://g1.globo.com/fato-ou-fake/eleicoes/noticia/2022/10/17/veja-o-que-e-fato-ou-fake-nas-falas-dos-presidenciaveis-no-primeiro-debate-do-2-turno.ghtml
98,É #FAKE print de Twitter de Lula que diz que tráfico de drogas gera riqueza,10/17/2022,Falsa,Jair Bolsonaro,Fato ou Fake,https://g1.globo.com/fato-ou-fake/eleicoes/noticia/2022/10/17/e-fake-print-de-twitter-de-lula-que-diz-que-trafico-de-drogas-gera-riqueza.ghtml
99,É #FAKE print de Twitter em que Lula parabeniza moradores de Paraisópolis por ação contra Tarcísio de Freitas,10/17/2022,Falsa,Jair Bolsonaro,Fato ou Fake,https://g1.globo.com/fato-ou-fake/eleicoes/noticia/2022/10/17/e-fake-print-de-twitter-em-que-lula-parabeniza-moradores-de-paraisopolis-por-acao-contra-tarcisio-de-freitas.ghtml
100,É #FAKE que vídeo do general Augusto Heleno se refira a ameaça contra Tarcísio de Freitas,10/17/2022,Falsa,Jair Bolsonaro,Fato ou Fake,https://g1.globo.com/fato-ou-fake/eleicoes/noticia/2022/10/17/e-fake-que-video-do-general-augusto-heleno-se-refira-a-ameaca-contra-tarcisio-de-freitas.ghtml
101,É #FAKE que vídeo prove fraude na 1ª Zona Eleitoral de Manaus,10/18/2022,Falsa,Jair Bolsonaro,Fato ou Fake,https://g1.globo.com/fato-ou-fake/eleicoes/noticia/2022/10/18/e-fake-que-video-prove-fraude-na-1a-zona-eleitoral-de-manaus.ghtml
102,É #FAKE que Lula disse no Twitter que vai bloquear poupanças em 2023 para manter Auxílio Brasil,10/18/2022,Falsa,Jair Bolsonaro,Fato ou Fake,https://g1.globo.com/fato-ou-fake/eleicoes/noticia/2022/10/18/e-fake-que-lula-disse-no-twitter-que-vai-bloquear-poupancas-em-2023-para-manter-auxilio-brasil.ghtml
103,É #FAKE que padre mostrado em imagem foi agredido por bolsonaristas,10/18/2022,Falsa,Lula,Fato ou Fake,https://g1.globo.com/fato-ou-fake/eleicoes/noticia/2022/10/18/e-fake-que-padre-mostrado-em-imagem-foi-agredido-por-bolsonaristas.ghtml
104,É #FAKE que Eduardo Leite tenha declarado voto em Bolsonaro em 2022,10/18/2022,Falsa,Jair Bolsonaro,Fato ou Fake,https://g1.globo.com/fato-ou-fake/eleicoes/noticia/2022/10/18/e-fake-que-eduardo-leite-tenha-declarado-voto-em-bolsonaro-em-2022.ghtml
105,É #FAKE que Polícia Federal fez exposição com pilhas de dinheiro roubado pelo PT,10/19/2022,Falsa,Jair Bolsonaro,Fato ou Fake,https://g1.globo.com/fato-ou-fake/eleicoes/noticia/2022/10/19/e-fake-que-policia-federal-fez-exposicao-com-pilhas-de-dinheiro-roubado-pelo-pt.ghtml
106,É #FAKE que homem ao lado de Lula em vídeo foi preso por tiroteio que interrompeu evento de Tarcísio em SP,10/19/2022,Falsa,Jair Bolsonaro,Fato ou Fake,https://g1.globo.com/fato-ou-fake/eleicoes/noticia/2022/10/19/e-fake-que-homem-ao-lado-de-lula-em-video-foi-preso-por-tiroteio-que-interrompeu-evento-de-tarcisio-em-sp.ghtml
107,É #FAKE que eleitor votou antes do prazo no 2º turno de 2022 em Belém,10/19/2022,Falsa,Jair Bolsonaro,Fato ou Fake,https://g1.globo.com/fato-ou-fake/eleicoes/noticia/2022/10/19/e-fake-que-eleitor-votou-antes-do-prazo-no-2o-turno-de-2022-em-belem.ghtml
108,É #FAKE que TSE tenha funcionário na Jovem Pan para fiscalizar trabalho de jornalistas,10/20/2022,Falsa,Jair Bolsonaro,Fato ou Fake,https://g1.globo.com/fato-ou-fake/eleicoes/noticia/2022/10/20/e-fake-que-tse-faca-censura-a-jovem-pan-e-tenha-funcionario-para-fiscalizar-trabalho-de-jornalistas.ghtml
109,É #FAKE que g1 publicou reportagem sobre Lula escolher Dilma Rousseff como ministra da Economia,10/20/2022,Falsa,Jair Bolsonaro,Fato ou Fake,https://g1.globo.com/fato-ou-fake/eleicoes/noticia/2022/10/20/e-fake-que-g1-publicou-reportagem-sobre-lula-escolher-dilma-rousseff-como-ministra-da-economia.ghtml
110,É #FAKE que MST e movimentos de reforma agrária tenham incendiado carro de padre em Eldorado do Carajás,10/20/2022,Falsa,Jair Bolsonaro,Fato ou Fake,https://g1.globo.com/fato-ou-fake/eleicoes/noticia/2022/10/20/e-fake-que-mst-e-movimentos-de-reforma-agraria-tenham-incendiado-carro-de-padre-em-eldorado-do-carajas.ghtml
111,É #FAKE que Lula defendeu no podcast Flow que político tem que mentir,10/20/2022,Falsa,Jair Bolsonaro,Fato ou Fake,https://g1.globo.com/fato-ou-fake/eleicoes/noticia/2022/10/20/e-fake-que-lula-defendeu-no-podcast-flow-que-politico-tem-que-mentir.ghtml
112,É #FAKE que Lula diz em vídeo que chefe do tráfico vai agendar seus compromissos em SP,10/20/2022,Falsa,Jair Bolsonaro,Fato ou Fake,https://g1.globo.com/fato-ou-fake/eleicoes/noticia/2022/10/20/e-fake-que-lula-diz-em-video-que-chefe-do-trafico-vai-agendar-seus-compromissos-em-sp.ghtml
113,"É #FAKE áudio que fala em mutilação de crianças, 'purismo homossexual' e transexualidade como 'falha cognitiva'",10/21/2022,Falsa,Jair Bolsonaro,Fato ou Fake,https://g1.globo.com/fato-ou-fake/eleicoes/noticia/2022/10/21/e-fake-audio-que-fala-em-mutilacao-de-criancas-purismo-homossexual-e-transexualidade-como-falha-cognitiva.ghtml
114,"É #FAKE que Lula chamou seus apoiadores de vagabundos, bandidos e traficantes",10/22/2022,Falsa,Jair Bolsonaro,Fato ou Fake,https://g1.globo.com/fato-ou-fake/noticia/2022/10/22/e-fake-que-lula-chamou-seus-apoiadores-de-vagabundos-bandidos-e-traficantes.ghtml
115,É #FAKE imagem que mostra Lula e Eduardo Paes ao lado do traficante Celsinho da Vila Vintém,10/22/2022,Falsa,Jair Bolsonaro,Fato ou Fake,https://g1.globo.com/fato-ou-fake/eleicoes/noticia/2022/10/22/e-fake-imagem-que-mostra-lula-e-eduardo-paes-ao-lado-do-traficante-celsinho-da-vila-vintem.ghtml
116,"É #FAKE foto de Casimiro com balões no formato do número 22, compartilhada por Flavio Bolsonaro",10/23/2022,Falsa,Jair Bolsonaro,Fato ou Fake,https://g1.globo.com/fato-ou-fake/eleicoes/noticia/2022/10/23/e-fake-foto-de-casimiro-com-baloes-no-formato-do-numero-22-compartilhada-por-flavio-bolsonaro.ghtml
117,É #FAKE que TSE proibiu campanha sobre o Dia do Médico em 2022,10/23/2022,Falsa,indefinido,Fato ou Fake,https://g1.globo.com/fato-ou-fake/eleicoes/noticia/2022/10/23/e-fake-que-tse-proibiu-campanha-sobre-o-dia-do-medico-em-2022.ghtml
118,É #FAKE que pergunta sobre quartos e banheiros no Censo é para orientar divisão de imóveis com sem-teto,10/24/2022,Falsa,Jair Bolsonaro,Fato ou Fake,https://g1.globo.com/fato-ou-fake/eleicoes/noticia/2022/10/24/e-fake-que-pergunta-sobre-quartos-e-banheiros-no-censo-e-para-orientar-divisao-de-imoveis-com-sem-teto.ghtml
119,É #FAKE que vídeo mostre integrantes do MST explodindo embarcação,10/24/2022,Falsa,Jair Bolsonaro,Fato ou Fake,https://g1.globo.com/fato-ou-fake/eleicoes/noticia/2022/10/24/e-fake-que-video-mostre-integrantes-do-mst-explodindo-embarcacao.ghtml
120,É #FAKE que agente da PF atingida por Jefferson estava grávida,10/24/2022,Falsa,indefinido,Fato ou Fake,https://g1.globo.com/fato-ou-fake/eleicoes/noticia/2022/10/24/e-fake-que-agente-da-pf-atingida-por-jefferson-estava-gravida.ghtml
121,É #FAKE que g1 publicou reportagem afirmando que Lula escolheu Jean Wyllys para o Ministério da Educação,10/25/2022,Falsa,Jair Bolsonaro,Fato ou Fake,https://g1.globo.com/fato-ou-fake/eleicoes/noticia/2022/10/25/e-fake-que-g1-publicou-reportagem-afirmando-que-lula-escolheu-jean-wyllys-para-o-ministerio-da-educacao.ghtml
122,É #FAKE que vídeo mostre MST bloqueando transposição do São Francisco,10/26/2022,Falsa,Jair Bolsonaro,Fato ou Fake,https://g1.globo.com/fato-ou-fake/eleicoes/noticia/2022/10/26/e-fake-que-video-mostre-mst-bloqueando-transposicao-do-sao-francisco.ghtml
123,É #FAKE que imagem mostre Gilmar Mendes com filho de Lula em restaurante de Roma,10/26/2022,Falsa,Jair Bolsonaro,Fato ou Fake,https://g1.globo.com/fato-ou-fake/eleicoes/noticia/2022/10/26/e-fake-que-imagem-mostre-gilmar-mendes-com-filho-de-lula-em-restaurante-de-roma.ghtml
124,É #FAKE que Bolsonaro disse em entrevista que cortará 25% dos salários e pensões,10/27/2022,Falsa,Jair Bolsonaro,Fato ou Fake,https://g1.globo.com/fato-ou-fake/eleicoes/noticia/2022/10/27/e-fake-que-bolsonaro-disse-em-entrevista-que-cortara-25percent-dos-salarios-e-pensoes.ghtml
125,É #FAKE que Heineken mudou rótulo para estrela verde e amarela com número 22,10/27/2022,Falsa,Jair Bolsonaro,Fato ou Fake,https://g1.globo.com/fato-ou-fake/eleicoes/noticia/2022/10/27/e-fake-que-heineken-mudou-rotulo-para-estrela-verde-e-amarela-com-numero-22.ghtml
126,É #FAKE vídeo que atribui a Lula frase sobre nordestino analfabeto,10/27/2022,Falsa,Jair Bolsonaro,Fato ou Fake,https://g1.globo.com/fato-ou-fake/eleicoes/noticia/2022/10/27/e-fake-video-que-atribui-a-lula-frase-sobre-nordestino-analfabeto.ghtml
127,"Corrupção, transposição do São Francisco e pobreza: veja os temas mais checados pelo Fato ou Fake nas falas de Lula e Bolsonaro",10/28/2022,,indefinido,Fato ou Fake,https://g1.globo.com/fato-ou-fake/politica/noticia/2022/10/28/corrupcao-transposicao-do-sao-francisco-e-pobreza-veja-os-temas-mais-checados-pelo-fato-ou-fake-nas-falas-de-lula-e-bolsonaro.ghtml
128,Veja o que é #FATO ou #FAKE nas falas dos presidenciáveis no debate da Globo do 2º turno,10/29/2022,,indefinido,Fato ou Fake,https://g1.globo.com/fato-ou-fake/eleicoes/noticia/2022/10/29/veja-o-que-e-fato-ou-fake-nas-falas-dos-presidenciaveis-no-debate-da-globo-do-2o-turno.ghtml
129,É #FAKE que Lula usou ponto eletrônico em debate da Globo,10/29/2022,Falsa,Jair Bolsonaro,Fato ou Fake,https://g1.globo.com/fato-ou-fake/eleicoes/noticia/2022/10/29/e-fake-que-lula-usou-ponto-eletronico-em-debate-da-globo.ghtml
130,É #FAKE que g1 publicou reportagem em que Lula diz que educação de relacionamento homoafetivo nas escolas é prioridade,10/30/2022,Falsa,Jair Bolsonaro,Fato ou Fake,https://g1.globo.com/fato-ou-fake/eleicoes/noticia/2022/10/30/e-fake-que-g1-publicou-reportagem-em-que-lula-diz-que-educacao-de-relacionamento-homoafetivo-nas-escolas-e-prioridade.ghtml
131,É #FAKE vídeo que mostra Lula e Janja na campanha de fim de ano da Globo,10/30/2022,Falsa,Jair Bolsonaro,Fato ou Fake,https://g1.globo.com/fato-ou-fake/eleicoes/noticia/2022/10/30/e-fake-video-que-mostra-lula-e-janja-na-campanha-de-fim-de-ano-da-globo.ghtml
132,É #FAKE que operação da PF apreendeu R$ 985 milhões destinados à campanha de Lula,10/30/2022,Falsa,Jair Bolsonaro,Fato ou Fake,https://g1.globo.com/fato-ou-fake/noticia/2022/10/30/e-fake-que-operacao-da-pf-apreendeu-r-985-milhoes-destinados-a-campanha-de-lula.ghtml
133,É #FAKE que vídeo com homens de amarelo e vermelho em blitz tenha relação com o 2º turno,10/30/2022,Falsa,Lula,Fato ou Fake,https://g1.globo.com/fato-ou-fake/eleicoes/noticia/2022/10/30/e-fake-que-video-com-homens-de-amarelo-e-vermelho-em-blitz-tenha-relacao-com-o-2o-turno.ghtml
134,É #FAKE vídeo que diz que Barroso declara apoio a Bolsonaro,10/30/2022,Falsa,Jair Bolsonaro,Fato ou Fake,https://g1.globo.com/fato-ou-fake/eleicoes/noticia/2022/10/30/e-fake-video-que-diz-que-barroso-declara-apoio-a-bolsonaro.ghtml
135,É #FAKE que vídeo mostra tela do terminal do mesário com voto em Lula e Bolsonaro ao mesmo tempo,10/30/2022,Falsa,Jair Bolsonaro,Fato ou Fake,https://g1.globo.com/fato-ou-fake/eleicoes/noticia/2022/10/30/e-fake-que-video-mostra-tela-do-terminal-do-mesario-com-voto-em-lula-e-bolsonaro-ao-mesmo-tempo.ghtml
136,É #FAKE que média de percentuais de votos por região mostre Bolsonaro à frente de Lula,11/1/2022,Falsa,Jair Bolsonaro,Fato ou Fake,https://g1.globo.com/fato-ou-fake/eleicoes/noticia/2022/11/01/e-fake-que-media-de-percentuais-de-votos-por-regiao-mostre-bolsonaro-a-frente-de-lula.ghtml
137,É #FAKE print de tuíte atribuído a Lula sobre mudança nas polícias e repressão a caminhoneiros,11/1/2022,Falsa,Jair Bolsonaro,Fato ou Fake,https://g1.globo.com/fato-ou-fake/eleicoes/noticia/2022/11/01/e-fake-print-de-tuite-atribuido-a-lula-sobre-mudanca-nas-policias-e-repressao-a-caminhoneiros.ghtml
138,É #FAKE que vídeo mostre Lula agradecendo ao chefe do tráfico por eleição,11/1/2022,Falsa,Jair Bolsonaro,Fato ou Fake,https://g1.globo.com/fato-ou-fake/eleicoes/noticia/2022/11/01/e-fake-que-video-mostre-lula-agradecendo-ao-chefe-do-trafico-por-eleicao.ghtml
139,É #FAKE que Torre Eiffel foi iluminada de verde e amarelo em homenagem à vitória de Lula,11/1/2022,Falsa,Lula,Fato ou Fake,https://g1.globo.com/fato-ou-fake/noticia/2022/11/01/e-fake-que-torre-eiffel-foi-iluminada-de-verde-e-amarelo-em-homenagem-a-vitoria-de-lula.ghtml
140,É #FAKE que Ratinho criticou em vídeo bloqueios de rodovias por bolsonaristas contra resultado das eleições,11/2/2022,Falsa,Lula,Fato ou Fake,https://g1.globo.com/fato-ou-fake/noticia/2022/11/02/e-fake-que-ratinho-criticou-em-video-bloqueios-de-rodovias-por-bolsonaristas-contra-resultado-das-eleicoes.ghtml
141,É #FAKE que fraude nas urnas é comprovada por seção de Confresa (MT) onde Lula teve 100% dos votos válidos,11/2/2022,Falsa,Jair Bolsonaro,Fato ou Fake,https://g1.globo.com/fato-ou-fake/eleicoes/noticia/2022/11/02/e-fake-que-fraude-nas-urnas-e-comprovada-por-secao-de-confresa-mt-onde-lula-teve-100percent-dos-votos-validos.ghtml
142,É #FAKE que vídeo mostre petistas saqueando loja da Havan após eleição,11/2/2022,Falsa,Jair Bolsonaro,Fato ou Fake,https://g1.globo.com/fato-ou-fake/eleicoes/noticia/2022/11/02/e-fake-que-video-mostre-petistas-saqueando-loja-da-havan-apos-eleicao.ghtml
143,É #FAKE que homem roubou celular por achar que crime estaria liberado após eleição,10/3/2022,Falsa,Jair Bolsonaro,Fato ou Fake,https://g1.globo.com/fato-ou-fake/eleicoes/noticia/2022/11/03/e-fake-que-homem-roubou-celular-por-achar-que-crime-estaria-liberado-apos-eleicao.ghtml
144,É #FAKE que g1 publicou reportagem afirmando que Alckmin diz que taxação do Pix é necessária,10/4/2022,Falsa,Jair Bolsonaro,Fato ou Fake,https://g1.globo.com/fato-ou-fake/eleicoes/noticia/2022/11/04/e-fake-que-g1-publicou-reportagem-afirmando-que-alckmin-diz-que-taxacao-do-pix-e-necessaria.ghtml
145,É #FAKE que imagem em que aparece Lady Gaga mostre conversa entre Bolsonaro e ministra sobre eleições,10/4/2022,Falsa,Jair Bolsonaro,Fato ou Fake,https://g1.globo.com/fato-ou-fake/eleicoes/noticia/2022/11/04/e-fake-que-imagem-em-que-aparece-lady-gaga-mostre-conversa-entre-bolsonaro-e-ministra-sobre-eleicoes.ghtml
146,É #FAKE que urnas eletrônicas de modelos anteriores a 2020 não foram auditadas,11/5/2022,Falsa,Jair Bolsonaro,Fato ou Fake,https://g1.globo.com/fato-ou-fake/eleicoes/noticia/2022/11/05/e-fake-que-urnas-eletronicas-de-modelos-anteriores-a-2020-nao-foram-auditadas.ghtml
147,É #FAKE que Bolsonaro não recebeu nenhum voto em Manicoré (AM),11/6/2022,Falsa,Jair Bolsonaro,Fato ou Fake,https://g1.globo.com/fato-ou-fake/noticia/2022/11/06/e-fake-que-bolsonaro-nao-recebeu-nenhum-voto-em-manicore-am.ghtml
148,"É #FAKE que 5,1 mihões de votos foram roubados de Bolsonaro",11/7/2022,Falsa,Jair Bolsonaro,Fato ou Fake,https://g1.globo.com/fato-ou-fake/eleicoes/noticia/2022/11/07/e-fake-que-51-mihoes-de-votos-foram-roubados-de-bolsonaro.ghtml
149,É #FAKE que votos de milhares de eleitores em Miami não foram contabilizados,11/7/2022,Falsa,Jair Bolsonaro,Fato ou Fake,https://g1.globo.com/fato-ou-fake/eleicoes/noticia/2022/11/07/e-fake-que-voto-de-milhares-de-eleitores-em-miami-nao-foram-contabilizados.ghtml
150,"É #FAKE que seção 103 em Itacoatiara, AM, teve zero votos para Bolsonaro",11/8/2022,Falsa,Jair Bolsonaro,Fato ou Fake,https://g1.globo.com/fato-ou-fake/noticia/2022/11/08/e-fake-que-secao-103-em-itacoatiara-am-teve-zero-votos-para-bolsonaro.ghtml
151,"É #FAKE que as Forças Armadas fizeram ação na CPTM, em SP, como parte de uma intervenção militar",11/8/2022,Falsa,Jair Bolsonaro,Fato ou Fake,https://g1.globo.com/sp/sao-paulo/noticia/2022/11/08/e-fake-que-as-forcas-armadas-fizeram-uma-acao-na-cptm-em-sp-como-parte-de-uma-intervencao-militar.ghtml
152,É #FAKE vídeo em que policiais rodoviários federais marcham e entoam gritos com críticas ao STF,11/10/2022,Falsa,Jair Bolsonaro,Fato ou Fake,https://g1.globo.com/fato-ou-fake/noticia/2022/11/10/e-fake-video-em-que-policiais-rodoviarios-federais-marcham-e-entoam-gritos-com-criticas-ao-stf.ghtml
153,É #FAKE vídeo em que Janones diz que Lula vai acabar com o Auxílio Brasil,11/11/2022,Falsa,Jair Bolsonaro,Fato ou Fake,https://g1.globo.com/fato-ou-fake/eleicoes/noticia/2022/11/11/e-fake-video-em-que-janones-diz-que-lula-vai-acabar-com-o-auxilio-brasil.ghtml
154,É #FAKE vídeo em que autor nega aumento de casos de Covid-19,11/12/2022,Falsa,indefinido,Fato ou Fake,https://g1.globo.com/fato-ou-fake/coronavirus/noticia/2022/11/12/e-fake-video-em-que-autor-nega-aumento-de-casos-de-covid-19.ghtml
155,É #FAKE capa de jornal que atribui a Lula a frase 'Vamos confiscar tudo',11/15/2022,Falsa,Jair Bolsonaro,Fato ou Fake,https://g1.globo.com/fato-ou-fake/eleicoes/noticia/2022/11/15/e-fake-capa-de-jornal-que-atribui-a-lula-a-frase-vamos-confiscar-tudo.ghtml
156,É #FAKE que imagem mostre vão da Ponte Rio-Niterói após batida de navio,11/16/2022,Falsa,indefinido,Fato ou Fake,https://g1.globo.com/fato-ou-fake/noticia/2022/11/16/e-fake-que-imagem-mostre-vao-da-ponte-rio-niteroi-apos-batida-de-navio.ghtml
157,É #FAKE que g1 publicou reportagem em que diretor da Anvisa promove medicamento para próstata,11/17/2022,Falsa,indefinido,Fato ou Fake,https://g1.globo.com/fato-ou-fake/noticia/2022/11/17/e-fake-que-g1-publicou-reportagem-em-que-diretor-da-anvisa-promove-medicamento-para-prostata.ghtml
158,É #FAKE que criminosos disseram 'aqui é PT' ao atirar em igreja,11/17/2022,Falsa,indefinido,Fato ou Fake,https://g1.globo.com/fato-ou-fake/noticia/2022/11/17/e-fake-que-criminosos-disseram-aqui-e-pt-ao-atirar-em-igreja.ghtml
159,É #FAKE vídeo sobre chegada ao Brasil de máscaras contaminadas com Covid-19,11/21/2022,Falsa,indefinido,Fato ou Fake,https://g1.globo.com/fato-ou-fake/noticia/2022/11/21/e-fake-video-sobre-chegada-ao-brasil-de-mascaras-contaminadas-com-covid-19.ghtml
160,É #FAKE que vídeo de motorista embriagada após acidente mostre chefe de redação da GloboNews,11/21/2022,Falsa,indefinido,Fato ou Fake,https://g1.globo.com/fato-ou-fake/noticia/2022/11/21/e-fake-que-video-de-motorista-embriagada-apos-acidente-mostre-chefe-de-redacao-da-globonews.ghtml
161,É #FAKE que mensagem de Bolsonaro para instruir mandado de injunção tenha relação com as eleições,11/22/2022,Falsa,Jair Bolsonaro,Fato ou Fake,https://g1.globo.com/fato-ou-fake/eleicoes/noticia/2022/11/22/e-fake-que-mensagem-de-bolsonaro-para-instruir-mandado-de-injuncao-tenha-relacao-com-as-eleicoes.ghtml
162,"É #FAKE que conta de 9,4 mil euros em restaurante de Lisboa seja de Lula",11/22/2022,Falsa,Jair Bolsonaro,Fato ou Fake,https://g1.globo.com/fato-ou-fake/eleicoes/noticia/2022/11/22/e-fake-que-conta-de-94-mil-euros-em-restaurante-de-lisboa-seja-de-lula.ghtml
163,É #FAKE que vídeo que mostra títulos de eleitor no lixo prove fraude no Ceará,11/23/2022,Falsa,Jair Bolsonaro,Fato ou Fake,https://g1.globo.com/fato-ou-fake/eleicoes/noticia/2022/11/23/e-fake-que-video-que-mostra-titulos-de-eleitor-no-lixo-prove-fraude-no-ceara.ghtml
164,É #FAKE que vídeo de transporte de urnas em SP revele fraude e que dono de transportadora seja vereador do PT,11/23/2022,Falsa,Jair Bolsonaro,Fato ou Fake,https://g1.globo.com/fato-ou-fake/eleicoes/noticia/2022/11/23/e-fake-que-video-de-transporte-de-urnas-em-sp-revele-fraude-e-que-dono-de-transportadora-seja-vereador-do-pt.ghtml
165,É #FAKE que certidões do TRF-1 atestem inelegibilidade de Lula,11/24/2022,Falsa,Jair Bolsonaro,Fato ou Fake,https://g1.globo.com/fato-ou-fake/eleicoes/noticia/2022/11/24/e-fake-que-certidoes-do-trf-1-atestem-inelegibilidade-de-lula.ghtml
166,É #FAKE que foto mostre Lula com cinco dedos na mão esquerda,11/25/2022,Falsa,Jair Bolsonaro,Fato ou Fake,https://g1.globo.com/fato-ou-fake/eleicoes/noticia/2022/11/25/e-fake-que-foto-mostre-lula-com-dez-dedos-na-mao-esquerda.ghtml
167,É #FAKE que vídeo mostre ex-funcionário do TSE atacando urnas,11/25/2022,Falsa,Jair Bolsonaro,Fato ou Fake,https://g1.globo.com/fato-ou-fake/noticia/2022/11/25/e-fake-que-video-mostre-ex-funcionario-do-tse-atacando-urnas.ghtml
168,É #FAKE que Richarlison dedicou gols contra a Sérvia a Bolsonaro,11/28/2022,Falsa,Jair Bolsonaro,Fato ou Fake,https://g1.globo.com/fato-ou-fake/noticia/2022/11/28/e-fake-que-richarlison-dedicou-gols-contra-a-servia-a-bolsonaro.ghtml
169,É #FAKE que medicamento da Pfizer contra Covid tem mesmo mecanismo de ação da ivermectina,11/30/2022,Falsa,indefinido,Fato ou Fake,https://g1.globo.com/fato-ou-fake/eleicoes/noticia/2022/11/30/e-fake-que-medicamento-da-pfizer-contra-covid-tem-mesmo-mecanismo-de-acao-da-ivermectina.ghtml
170,É #FAKE que g1 publicou reportagem dizendo que Lula vai criar guarda nacional,12/1/2022,Falsa,Jair Bolsonaro,Fato ou Fake,https://g1.globo.com/fato-ou-fake/eleicoes/noticia/2022/12/01/e-fake-que-g1-publicou-reportagem-dizendo-que-lula-vai-criar-guarda-nacional.ghtml
